ticker,classification,decision_grade_active,missing_required_fields,provider_availability,canonical_ticker,reason,evidence_source,reviewed_at
BRK.B,provider_partial_profile,false,sector|industry,nasdaq_company_profile,BRK.B,"Provider profile evidence exists, but required metadata remains incomplete.",nasdaq_cache,2026-07-05
MMC,missing_provider_coverage,false,company_name|sector|industry|metadata_source|metadata_source_url|metadata_as_of,none,MMC,No cached provider evidence was found for this ticker.,none,2026-07-05
BK,missing_provider_coverage,false,company_name|sector|industry|metadata_source|metadata_source_url|metadata_as_of,none,BK,No cached provider evidence was found for this ticker.,none,2026-07-05
FI,missing_provider_coverage,false,company_name|sector|industry|metadata_source|metadata_source_url|metadata_as_of,none,FI,No cached provider evidence was found for this ticker.,none,2026-07-05
DFS,missing_provider_coverage,false,company_name|sector|industry|metadata_source|metadata_source_url|metadata_as_of,none,DFS,No cached provider evidence was found for this ticker.,none,2026-07-05
HOLX,missing_provider_coverage,false,company_name|sector|industry|metadata_source|metadata_source_url|metadata_as_of,none,HOLX,No cached provider evidence was found for this ticker.,none,2026-07-05
DARDEN,missing_provider_coverage,false,company_name|sector|industry|metadata_source|metadata_source_url|metadata_as_of,none,DARDEN,No cached provider evidence was found for this ticker.,none,2026-07-05
PARA,missing_provider_coverage,false,company_name|sector|industry|metadata_source|metadata_source_url|metadata_as_of,none,PARA,No cached provider evidence was found for this ticker.,none,2026-07-05
IPG,missing_provider_coverage,false,company_name|sector|industry|metadata_source|metadata_source_url|metadata_as_of,none,IPG,No cached provider evidence was found for this ticker.,none,2026-07-05
K,missing_provider_coverage,false,company_name|sector|industry|metadata_source|metadata_source_url|metadata_as_of,none,K,No cached provider evidence was found for this ticker.,none,2026-07-05
SPC,missing_provider_coverage,false,company_name|sector|industry|metadata_source|metadata_source_url|metadata_as_of,none,SPC,No cached provider evidence was found for this ticker.,none,2026-07-05
WBA,missing_provider_coverage,false,company_name|sector|industry|metadata_source|metadata_source_url|metadata_as_of,none,WBA,No cached provider evidence was found for this ticker.,none,2026-07-05
BF.B,provider_partial_profile,false,sector|industry,nasdaq_company_profile,BF.B,"Provider profile evidence exists, but required metadata remains incomplete.",nasdaq_cache,2026-07-05
PXD,missing_provider_coverage,false,company_name|sector|industry|metadata_source|metadata_source_url|metadata_as_of,none,PXD,No cached provider evidence was found for this ticker.,none,2026-07-05
HES,missing_provider_coverage,false,company_name|sector|industry|metadata_source|metadata_source_url|metadata_as_of,none,HES,No cached provider evidence was found for this ticker.,none,2026-07-05
CTRA,missing_provider_coverage,false,company_name|sector|industry|metadata_source|metadata_source_url|metadata_as_of,none,CTRA,No cached provider evidence was found for this ticker.,none,2026-07-05
MRO,missing_provider_coverage,false,company_name|sector|industry|metadata_source|metadata_source_url|metadata_as_of,none,MRO,No cached provider evidence was found for this ticker.,none,2026-07-05
PEAK,missing_provider_coverage,false,company_name|sector|industry|metadata_source|metadata_source_url|metadata_as_of,none,PEAK,No cached provider evidence was found for this ticker.,none,2026-07-05
WRK,missing_provider_coverage,false,company_name|sector|industry|metadata_source|metadata_source_url|metadata_as_of,none,WRK,No cached provider evidence was found for this ticker.,none,2026-07-05
SEE,missing_provider_coverage,false,company_name|sector|industry|metadata_source|metadata_source_url|metadata_as_of,none,SEE,No cached provider evidence was found for this ticker.,none,2026-07-05
PSTG,missing_provider_coverage,false,company_name|sector|industry|metadata_source|metadata_source_url|metadata_as_of,none,PSTG,No cached provider evidence was found for this ticker.,none,2026-07-05
CFLT,missing_provider_coverage,false,company_name|sector|industry|metadata_source|metadata_source_url|metadata_as_of,none,CFLT,No cached provider evidence was found for this ticker.,none,2026-07-05
SAMSN,missing_provider_coverage,false,company_name|sector|industry|metadata_source|metadata_source_url|metadata_as_of,none,SAMSN,No cached provider evidence was found for this ticker.,none,2026-07-05
COUP,missing_provider_coverage,false,company_name|sector|industry|metadata_source|metadata_source_url|metadata_as_of,none,COUP,No cached provider evidence was found for this ticker.,none,2026-07-05
ALTR,missing_provider_coverage,false,company_name|sector|industry|metadata_source|metadata_source_url|metadata_as_of,none,ALTR,No cached provider evidence was found for this ticker.,none,2026-07-05
CYBR,missing_provider_coverage,false,company_name|sector|industry|metadata_source|metadata_source_url|metadata_as_of,none,CYBR,No cached provider evidence was found for this ticker.,none,2026-07-05
JAMF,missing_provider_coverage,false,company_name|sector|industry|metadata_source|metadata_source_url|metadata_as_of,none,JAMF,No cached provider evidence was found for this ticker.,none,2026-07-05
SQ,missing_provider_coverage,false,company_name|sector|industry|metadata_source|metadata_source_url|metadata_as_of,none,SQ,No cached provider evidence was found for this ticker.,none,2026-07-05
NVEI,missing_provider_coverage,false,company_name|sector|industry|metadata_source|metadata_source_url|metadata_as_of,none,NVEI,No cached provider evidence was found for this ticker.,none,2026-07-05
EXAS,missing_provider_coverage,false,company_name|sector|industry|metadata_source|metadata_source_url|metadata_as_of,none,EXAS,No cached provider evidence was found for this ticker.,none,2026-07-05
AMED,missing_provider_coverage,false,company_name|sector|industry|metadata_source|metadata_source_url|metadata_as_of,none,AMED,No cached provider evidence was found for this ticker.,none,2026-07-05
MASI,missing_provider_coverage,false,company_name|sector|industry|metadata_source|metadata_source_url|metadata_as_of,none,MASI,No cached provider evidence was found for this ticker.,none,2026-07-05
CMA,missing_provider_coverage,false,company_name|sector|industry|metadata_source|metadata_source_url|metadata_as_of,none,CMA,No cached provider evidence was found for this ticker.,none,2026-07-05
SNV,missing_provider_coverage,false,company_name|sector|industry|metadata_source|metadata_source_url|metadata_as_of,none,SNV,No cached provider evidence was found for this ticker.,none,2026-07-05
COOP,missing_provider_coverage,false,company_name|sector|industry|metadata_source|metadata_source_url|metadata_as_of,none,COOP,No cached provider evidence was found for this ticker.,none,2026-07-05
MGIC,missing_provider_coverage,false,company_name|sector|industry|metadata_source|metadata_source_url|metadata_as_of,none,MGIC,No cached provider evidence was found for this ticker.,none,2026-07-05
AZEK,missing_provider_coverage,false,company_name|sector|industry|metadata_source|metadata_source_url|metadata_as_of,none,AZEK,No cached provider evidence was found for this ticker.,none,2026-07-05
DOOR,missing_provider_coverage,false,company_name|sector|industry|metadata_source|metadata_source_url|metadata_as_of,none,DOOR,No cached provider evidence was found for this ticker.,none,2026-07-05
SIX,missing_provider_coverage,false,company_name|sector|industry|metadata_source|metadata_source_url|metadata_as_of,none,SIX,No cached provider evidence was found for this ticker.,none,2026-07-05
SEAS,missing_provider_coverage,false,company_name|sector|industry|metadata_source|metadata_source_url|metadata_as_of,none,SEAS,No cached provider evidence was found for this ticker.,none,2026-07-05
MODG,missing_provider_coverage,false,company_name|sector|industry|metadata_source|metadata_source_url|metadata_as_of,none,MODG,No cached provider evidence was found for this ticker.,none,2026-07-05
SKX,missing_provider_coverage,false,company_name|sector|industry|metadata_source|metadata_source_url|metadata_as_of,none,SKX,No cached provider evidence was found for this ticker.,none,2026-07-05
EXPR,missing_provider_coverage,false,company_name|sector|industry|metadata_source|metadata_source_url|metadata_as_of,none,EXPR,No cached provider evidence was found for this ticker.,none,2026-07-05
SWN,missing_provider_coverage,false,company_name|sector|industry|metadata_source|metadata_source_url|metadata_as_of,none,SWN,No cached provider evidence was found for this ticker.,none,2026-07-05
PDCE,missing_provider_coverage,false,company_name|sector|industry|metadata_source|metadata_source_url|metadata_as_of,none,PDCE,No cached provider evidence was found for this ticker.,none,2026-07-05
GPP,missing_provider_coverage,false,company_name|sector|industry|metadata_source|metadata_source_url|metadata_as_of,none,GPP,No cached provider evidence was found for this ticker.,none,2026-07-05
PSXP,missing_provider_coverage,false,company_name|sector|industry|metadata_source|metadata_source_url|metadata_as_of,none,PSXP,No cached provider evidence was found for this ticker.,none,2026-07-05
PNM,missing_provider_coverage,false,company_name|sector|industry|metadata_source|metadata_source_url|metadata_as_of,none,PNM,No cached provider evidence was found for this ticker.,none,2026-07-05
LSI,missing_provider_coverage,false,company_name|sector|industry|metadata_source|metadata_source_url|metadata_as_of,none,LSI,No cached provider evidence was found for this ticker.,none,2026-07-05
MPW,missing_provider_coverage,false,company_name|sector|industry|metadata_source|metadata_source_url|metadata_as_of,none,MPW,No cached provider evidence was found for this ticker.,none,2026-07-05
HAYN,missing_provider_coverage,false,company_name|sector|industry|metadata_source|metadata_source_url|metadata_as_of,none,HAYN,No cached provider evidence was found for this ticker.,none,2026-07-05
GEF,provider_partial_profile,false,sector|industry,nasdaq_screener|nasdaq_company_profile,GEF,"Provider profile evidence exists, but required metadata remains incomplete.",nasdaq_cache,2026-07-05
MIME,missing_provider_coverage,false,company_name|sector|industry|metadata_source|metadata_source_url|metadata_as_of,none,MIME,No cached provider evidence was found for this ticker.,none,2026-07-05
NEWR,missing_provider_coverage,false,company_name|sector|industry|metadata_source|metadata_source_url|metadata_as_of,none,NEWR,No cached provider evidence was found for this ticker.,none,2026-07-05
PLAN,missing_provider_coverage,false,company_name|sector|industry|metadata_source|metadata_source_url|metadata_as_of,none,PLAN,No cached provider evidence was found for this ticker.,none,2026-07-05
SQSP,missing_provider_coverage,false,company_name|sector|industry|metadata_source|metadata_source_url|metadata_as_of,none,SQSP,No cached provider evidence was found for this ticker.,none,2026-07-05
REVG,missing_provider_coverage,false,company_name|sector|industry|metadata_source|metadata_source_url|metadata_as_of,none,REVG,No cached provider evidence was found for this ticker.,none,2026-07-05
ITCI,missing_provider_coverage,false,company_name|sector|industry|metadata_source|metadata_source_url|metadata_as_of,none,ITCI,No cached provider evidence was found for this ticker.,none,2026-07-05
FOLD,missing_provider_coverage,false,company_name|sector|industry|metadata_source|metadata_source_url|metadata_as_of,none,FOLD,No cached provider evidence was found for this ticker.,none,2026-07-05
ACLX,missing_provider_coverage,false,company_name|sector|industry|metadata_source|metadata_source_url|metadata_as_of,none,ACLX,No cached provider evidence was found for this ticker.,none,2026-07-05
BSIG,missing_provider_coverage,false,company_name|sector|industry|metadata_source|metadata_source_url|metadata_as_of,none,BSIG,No cached provider evidence was found for this ticker.,none,2026-07-05
CADE,missing_provider_coverage,false,company_name|sector|industry|metadata_source|metadata_source_url|metadata_as_of,none,CADE,No cached provider evidence was found for this ticker.,none,2026-07-05
C3AI,missing_provider_coverage,false,company_name|sector|industry|metadata_source|metadata_source_url|metadata_as_of,none,C3AI,No cached provider evidence was found for this ticker.,none,2026-07-05
EXAI,missing_provider_coverage,false,company_name|sector|industry|metadata_source|metadata_source_url|metadata_as_of,none,EXAI,No cached provider evidence was found for this ticker.,none,2026-07-05
LAZR,missing_provider_coverage,false,company_name|sector|industry|metadata_source|metadata_source_url|metadata_as_of,none,LAZR,No cached provider evidence was found for this ticker.,none,2026-07-05
CPTN,missing_provider_coverage,false,company_name|sector|industry|metadata_source|metadata_source_url|metadata_as_of,none,CPTN,No cached provider evidence was found for this ticker.,none,2026-07-05
BITF,missing_provider_coverage,false,company_name|sector|industry|metadata_source|metadata_source_url|metadata_as_of,none,BITF,No cached provider evidence was found for this ticker.,none,2026-07-05
FSR,missing_provider_coverage,false,company_name|sector|industry|metadata_source|metadata_source_url|metadata_as_of,none,FSR,No cached provider evidence was found for this ticker.,none,2026-07-05
GOEV,missing_provider_coverage,false,company_name|sector|industry|metadata_source|metadata_source_url|metadata_as_of,none,GOEV,No cached provider evidence was found for this ticker.,none,2026-07-05
FFIE,missing_provider_coverage,false,company_name|sector|industry|metadata_source|metadata_source_url|metadata_as_of,none,FFIE,No cached provider evidence was found for this ticker.,none,2026-07-05
MULN,missing_provider_coverage,false,company_name|sector|industry|metadata_source|metadata_source_url|metadata_as_of,none,MULN,No cached provider evidence was found for this ticker.,none,2026-07-05
DCRC,missing_provider_coverage,false,company_name|sector|industry|metadata_source|metadata_source_url|metadata_as_of,none,DCRC,No cached provider evidence was found for this ticker.,none,2026-07-05
NOVA,missing_provider_coverage,false,company_name|sector|industry|metadata_source|metadata_source_url|metadata_as_of,none,NOVA,No cached provider evidence was found for this ticker.,none,2026-07-05
MAXN,missing_provider_coverage,false,company_name|sector|industry|metadata_source|metadata_source_url|metadata_as_of,none,MAXN,No cached provider evidence was found for this ticker.,none,2026-07-05
VERV,missing_provider_coverage,false,company_name|sector|industry|metadata_source|metadata_source_url|metadata_as_of,none,VERV,No cached provider evidence was found for this ticker.,none,2026-07-05
KRTX,missing_provider_coverage,false,company_name|sector|industry|metadata_source|metadata_source_url|metadata_as_of,none,KRTX,No cached provider evidence was found for this ticker.,none,2026-07-05
DAWN,missing_provider_coverage,false,company_name|sector|industry|metadata_source|metadata_source_url|metadata_as_of,none,DAWN,No cached provider evidence was found for this ticker.,none,2026-07-05
KDNY,missing_provider_coverage,false,company_name|sector|industry|metadata_source|metadata_source_url|metadata_as_of,none,KDNY,No cached provider evidence was found for this ticker.,none,2026-07-05
YMAB,missing_provider_coverage,false,company_name|sector|industry|metadata_source|metadata_source_url|metadata_as_of,none,YMAB,No cached provider evidence was found for this ticker.,none,2026-07-05
ASTR,missing_provider_coverage,false,company_name|sector|industry|metadata_source|metadata_source_url|metadata_as_of,none,ASTR,No cached provider evidence was found for this ticker.,none,2026-07-05
VORB,missing_provider_coverage,false,company_name|sector|industry|metadata_source|metadata_source_url|metadata_as_of,none,VORB,No cached provider evidence was found for this ticker.,none,2026-07-05
LILM,missing_provider_coverage,false,company_name|sector|industry|metadata_source|metadata_source_url|metadata_as_of,none,LILM,No cached provider evidence was found for this ticker.,none,2026-07-05
BLDE,missing_provider_coverage,false,company_name|sector|industry|metadata_source|metadata_source_url|metadata_as_of,none,BLDE,No cached provider evidence was found for this ticker.,none,2026-07-05
EHANG,missing_provider_coverage,false,company_name|sector|industry|metadata_source|metadata_source_url|metadata_as_of,none,EHANG,No cached provider evidence was found for this ticker.,none,2026-07-05
UAM,missing_provider_coverage,false,company_name|sector|industry|metadata_source|metadata_source_url|metadata_as_of,none,UAM,No cached provider evidence was found for this ticker.,none,2026-07-05
ZI,missing_provider_coverage,false,company_name|sector|industry|metadata_source|metadata_source_url|metadata_as_of,none,ZI,No cached provider evidence was found for this ticker.,none,2026-07-05
SEMR,missing_provider_coverage,false,company_name|sector|industry|metadata_source|metadata_source_url|metadata_as_of,none,SEMR,No cached provider evidence was found for this ticker.,none,2026-07-05
BIGC,missing_provider_coverage,false,company_name|sector|industry|metadata_source|metadata_source_url|metadata_as_of,none,BIGC,No cached provider evidence was found for this ticker.,none,2026-07-05
SUMO,missing_provider_coverage,false,company_name|sector|industry|metadata_source|metadata_source_url|metadata_as_of,none,SUMO,No cached provider evidence was found for this ticker.,none,2026-07-05
CLDR,missing_provider_coverage,false,company_name|sector|industry|metadata_source|metadata_source_url|metadata_as_of,none,CLDR,No cached provider evidence was found for this ticker.,none,2026-07-05
AYX,missing_provider_coverage,false,company_name|sector|industry|metadata_source|metadata_source_url|metadata_as_of,none,AYX,No cached provider evidence was found for this ticker.,none,2026-07-05
WISH,missing_provider_coverage,false,company_name|sector|industry|metadata_source|metadata_source_url|metadata_as_of,none,WISH,No cached provider evidence was found for this ticker.,none,2026-07-05
POSH,missing_provider_coverage,false,company_name|sector|industry|metadata_source|metadata_source_url|metadata_as_of,none,POSH,No cached provider evidence was found for this ticker.,none,2026-07-05
GOJEK,missing_provider_coverage,false,company_name|sector|industry|metadata_source|metadata_source_url|metadata_as_of,none,GOJEK,No cached provider evidence was found for this ticker.,none,2026-07-05
IRTX,missing_provider_coverage,false,company_name|sector|industry|metadata_source|metadata_source_url|metadata_as_of,none,IRTX,No cached provider evidence was found for this ticker.,none,2026-07-05
BRKS,missing_provider_coverage,false,company_name|sector|industry|metadata_source|metadata_source_url|metadata_as_of,none,BRKS,No cached provider evidence was found for this ticker.,none,2026-07-05
IXYS,missing_provider_coverage,false,company_name|sector|industry|metadata_source|metadata_source_url|metadata_as_of,none,IXYS,No cached provider evidence was found for this ticker.,none,2026-07-05
INST,missing_provider_coverage,false,company_name|sector|industry|metadata_source|metadata_source_url|metadata_as_of,none,INST,No cached provider evidence was found for this ticker.,none,2026-07-05
APLT,missing_provider_coverage,false,company_name|sector|industry|metadata_source|metadata_source_url|metadata_as_of,none,APLT,No cached provider evidence was found for this ticker.,none,2026-07-05
TCEHY,missing_provider_coverage,false,company_name|sector|industry|metadata_source|metadata_source_url|metadata_as_of,none,TCEHY,No cached provider evidence was found for this ticker.,none,2026-07-05
